,train,val,iou
0,2.0152537667233013,1.8043148517608643,0.0003585795817276139
1,1.2450746556986934,1.589922479220799,0.02383827256511491
